Pos,diff
PK,4.256504993282019
QB,6.640943400444764
RB,7.0258279245005255
TE,5.765315875732574
WR,7.265249760195047
